subassembly,task,run,random_seed,total_requests,canceled_requests,incomplete_requests,completed_requests
array cable,none,1,1,1,0,0,1
blades,major repair,1,1,22,0,0,22
blades,major replacement,1,1,1,0,0,1
blades,minor repair,1,1,865,0,0,865
controls,major repair,1,1,98,0,0,98
controls,minor repair,1,1,692,0,0,692
electrical,major repair,1,1,32,0,0,32
electrical,major replacement,1,1,4,0,3,1
electrical,minor repair,1,1,728,0,0,728
gearbox,major repair,1,1,67,0,0,67
gearbox,major replacement,1,1,317,195,69,53
gearbox,minor repair,1,1,781,2,1,778
generator,major repair,1,1,633,0,0,633
generator,major replacement,1,1,92,32,33,27
generator,minor repair,1,1,950,0,0,950
heat_cool,major repair,1,1,13,0,0,13
heat_cool,minor repair,1,1,368,0,0,368
hub,major repair,1,1,62,0,0,62
hub,major replacement,1,1,4,0,2,2
hub,minor repair,1,1,356,0,0,356
main_bearing_failures,major replacement,1,1,12,0,0,12
main_bearing_maintenance,minor scheduled repair,1,1,1770,0,0,1770
oil,major repair,1,1,16,0,0,16
oil,minor repair,1,1,880,0,0,880
other,major repair,1,1,99,0,0,99
other,major replacement,1,1,2,0,1,1
other,minor repair,1,1,1702,0,0,1702
pitch,major repair,1,1,345,0,0,345
pitch,minor repair,1,1,1601,0,1,1600
power_supply,major repair,1,1,164,0,0,164
power_supply,major replacement,1,1,11,0,7,4
power_supply,minor repair,1,1,142,0,0,142
pump_motor,major repair,1,1,76,0,0,76
pump_motor,minor repair,1,1,510,0,0,510
relay,major repair,1,1,102,0,0,102
relay,major replacement,1,1,4,0,2,2
relay,minor repair,1,1,679,0,1,678
safety,major repair,1,1,7,0,0,7
safety,minor repair,1,1,695,0,0,695
sensors,major repair,1,1,144,0,0,144
sensors,minor repair,1,1,462,0,0,462
service_items,major repair,1,1,3,0,0,3
service_items,minor repair,1,1,210,0,0,210
tower_substructure,major repair,1,1,150,0,0,150
tower_substructure,minor repair,1,1,187,0,0,187
transformer,annual inspection,1,1,29,0,0,29
transformer,minor repair,1,1,5,0,0,5
xformer,major repair,1,1,6,0,0,6
xformer,major replacement,1,1,2,0,1,1
xformer,minor repair,1,1,86,0,0,86
yaw,major repair,1,1,17,0,0,17
yaw,major replacement,1,1,2,0,2,0
yaw,minor repair,1,1,338,0,0,338
blades,major repair,2,2,18,0,0,18
blades,minor repair,2,2,835,0,0,835
controls,major repair,2,2,101,0,0,101
controls,major replacement,2,2,2,0,1,1
controls,minor repair,2,2,662,1,0,661
electrical,major repair,2,2,31,0,0,31
electrical,major replacement,2,2,7,0,6,1
electrical,minor repair,2,2,767,0,0,767
gearbox,major repair,2,2,76,1,0,75
gearbox,major replacement,2,2,302,178,73,51
gearbox,minor repair,2,2,758,0,0,758
generator,major repair,2,2,662,0,0,662
generator,major replacement,2,2,98,23,41,34
generator,minor repair,2,2,935,0,0,935
heat_cool,major repair,2,2,10,0,0,10
heat_cool,minor repair,2,2,362,0,0,362
hub,major repair,2,2,88,0,0,88
hub,major replacement,2,2,2,0,1,1
hub,minor repair,2,2,343,0,0,343
main_bearing_failures,major replacement,2,2,11,0,2,9
main_bearing_maintenance,minor scheduled repair,2,2,1771,0,0,1771
oil,major repair,2,2,13,0,0,13
oil,minor repair,2,2,781,0,0,781
other,major repair,2,2,102,0,0,102
other,major replacement,2,2,1,0,0,1
other,minor repair,2,2,1755,0,1,1754
pitch,major repair,2,2,338,0,0,338
pitch,major replacement,2,2,1,0,1,0
pitch,minor repair,2,2,1540,0,0,1540
power_supply,major repair,2,2,163,0,0,163
power_supply,major replacement,2,2,11,1,4,6
power_supply,minor repair,2,2,156,0,0,156
pump_motor,major repair,2,2,83,0,0,83
pump_motor,minor repair,2,2,517,0,0,517
relay,major repair,2,2,98,0,0,98
relay,major replacement,2,2,1,0,0,1
relay,minor repair,2,2,660,0,0,660
safety,major repair,2,2,8,0,0,8
safety,minor repair,2,2,708,0,0,708
sensors,major repair,2,2,135,0,0,135
sensors,minor repair,2,2,457,0,0,457
service_items,major repair,2,2,2,0,0,2
service_items,minor repair,2,2,211,0,0,211
tower_substructure,major repair,2,2,177,0,0,177
tower_substructure,minor repair,2,2,174,0,0,174
transformer,annual inspection,2,2,29,0,0,29
transformer,minor repair,2,2,10,0,0,10
xformer,major repair,2,2,6,0,0,6
xformer,major replacement,2,2,2,0,1,1
xformer,minor repair,2,2,106,0,0,106
yaw,major repair,2,2,12,0,0,12
yaw,major replacement,2,2,3,0,0,3
yaw,minor repair,2,2,316,0,0,316
blades,major repair,3,3,20,0,0,20
blades,major replacement,3,3,2,0,2,0
blades,minor repair,3,3,870,0,0,870
controls,major repair,3,3,85,0,0,85
controls,major replacement,3,3,4,0,3,1
controls,minor repair,3,3,717,0,0,717
electrical,major repair,3,3,43,0,0,43
electrical,major replacement,3,3,1,0,0,1
electrical,minor repair,3,3,766,0,1,765
gearbox,major repair,3,3,65,0,0,65
gearbox,major replacement,3,3,319,187,79,53
gearbox,minor repair,3,3,742,0,0,742
generator,major repair,3,3,585,0,0,585
generator,major replacement,3,3,103,25,39,39
generator,minor repair,3,3,914,0,0,914
heat_cool,major repair,3,3,8,0,0,8
heat_cool,minor repair,3,3,331,0,0,331
hub,major repair,3,3,82,0,0,82
hub,major replacement,3,3,1,0,1,0
hub,minor repair,3,3,367,0,0,367
main_bearing_failures,major replacement,3,3,19,0,1,18
main_bearing_maintenance,minor scheduled repair,3,3,1770,0,0,1770
oil,major repair,3,3,14,0,0,14
oil,minor repair,3,3,876,0,0,876
other,major repair,3,3,92,0,0,92
other,major replacement,3,3,4,0,1,3
other,minor repair,3,3,1699,0,0,1699
pitch,major repair,3,3,340,0,0,340
pitch,major replacement,3,3,3,0,1,2
pitch,minor repair,3,3,1611,0,0,1611
power_supply,major repair,3,3,151,0,0,151
power_supply,major replacement,3,3,14,0,8,6
power_supply,minor repair,3,3,152,0,0,152
pump_motor,major repair,3,3,58,0,0,58
pump_motor,minor repair,3,3,548,0,0,548
relay,major repair,3,3,105,0,0,105
relay,major replacement,3,3,5,1,1,3
relay,minor repair,3,3,637,0,0,637
safety,major repair,3,3,11,0,0,11
safety,minor repair,3,3,669,0,1,668
sensors,major repair,3,3,147,0,0,147
sensors,minor repair,3,3,491,0,0,491
service_items,major repair,3,3,1,0,0,1
service_items,minor repair,3,3,223,0,0,223
tower_substructure,major repair,3,3,168,0,0,168
tower_substructure,minor repair,3,3,162,0,0,162
transformer,annual inspection,3,3,29,0,0,29
transformer,minor repair,3,3,6,0,0,6
xformer,major repair,3,3,7,0,0,7
xformer,major replacement,3,3,2,0,2,0
xformer,minor repair,3,3,97,0,0,97
yaw,major repair,3,3,11,0,0,11
yaw,minor repair,3,3,348,0,0,348
blades,major repair,4,4,11,0,0,11
blades,major replacement,4,4,3,0,1,2
blades,minor repair,4,4,843,0,0,843
controls,major repair,4,4,107,0,0,107
controls,major replacement,4,4,3,0,1,2
controls,minor repair,4,4,652,0,0,652
electrical,major repair,4,4,29,0,0,29
electrical,major replacement,4,4,6,0,2,4
electrical,minor repair,4,4,717,0,0,717
gearbox,major repair,4,4,73,0,0,73
gearbox,major replacement,4,4,308,183,77,48
gearbox,minor repair,4,4,765,0,1,764
generator,major repair,4,4,613,0,1,612
generator,major replacement,4,4,107,31,37,39
generator,minor repair,4,4,928,1,0,927
heat_cool,major repair,4,4,14,0,0,14
heat_cool,minor repair,4,4,319,0,0,319
hub,major repair,4,4,73,0,0,73
hub,major replacement,4,4,6,0,4,2
hub,minor repair,4,4,363,0,0,363
main_bearing_failures,major replacement,4,4,14,0,0,14
main_bearing_maintenance,minor scheduled repair,4,4,1771,0,0,1771
oil,major repair,4,4,16,0,0,16
oil,minor repair,4,4,801,0,0,801
other,major repair,4,4,80,0,0,80
other,major replacement,4,4,2,0,1,1
other,minor repair,4,4,1714,0,0,1714
pitch,major repair,4,4,335,0,0,335
pitch,major replacement,4,4,1,0,0,1
pitch,minor repair,4,4,1567,0,0,1567
power_supply,major repair,4,4,152,0,0,152
power_supply,major replacement,4,4,15,0,8,7
power_supply,minor repair,4,4,161,0,0,161
pump_motor,major repair,4,4,83,0,0,83
pump_motor,minor repair,4,4,499,0,0,499
relay,major repair,4,4,132,0,0,132
relay,major replacement,4,4,2,0,2,0
relay,minor repair,4,4,659,0,0,659
safety,major repair,4,4,7,0,0,7
safety,minor repair,4,4,686,0,0,686
sensors,major repair,4,4,150,0,0,150
sensors,minor repair,4,4,460,0,0,460
service_items,major repair,4,4,1,0,0,1
service_items,minor repair,4,4,229,0,0,229
tower_substructure,major repair,4,4,167,0,0,167
tower_substructure,minor repair,4,4,164,0,0,164
transformer,annual inspection,4,4,29,0,0,29
transformer,minor repair,4,4,7,0,0,7
xformer,major repair,4,4,7,0,0,7
xformer,minor repair,4,4,98,0,0,98
yaw,major repair,4,4,14,0,0,14
yaw,major replacement,4,4,2,0,2,0
yaw,minor repair,4,4,308,0,0,308
blades,major repair,5,5,27,0,0,27
blades,major replacement,5,5,2,0,2,0
blades,minor repair,5,5,927,0,0,927
controls,major repair,5,5,100,0,1,99
controls,major replacement,5,5,2,0,1,1
controls,minor repair,5,5,676,0,0,676
electrical,major repair,5,5,33,0,0,33
electrical,major replacement,5,5,7,1,2,4
electrical,minor repair,5,5,737,0,0,737
gearbox,major repair,5,5,72,0,0,72
gearbox,major replacement,5,5,277,153,67,57
gearbox,minor repair,5,5,755,5,0,750
generator,major repair,5,5,617,0,0,617
generator,major replacement,5,5,87,24,37,26
generator,minor repair,5,5,968,0,0,968
heat_cool,major repair,5,5,9,0,0,9
heat_cool,minor repair,5,5,354,0,0,354
hub,major repair,5,5,65,0,0,65
hub,major replacement,5,5,1,0,1,0
hub,minor repair,5,5,336,0,0,336
main_bearing_failures,major replacement,5,5,12,0,0,12
main_bearing_maintenance,minor scheduled repair,5,5,1773,0,0,1773
oil,major repair,5,5,17,0,0,17
oil,minor repair,5,5,776,0,0,776
other,major repair,5,5,87,0,0,87
other,major replacement,5,5,2,0,0,2
other,minor repair,5,5,1656,0,0,1656
pitch,major repair,5,5,341,0,0,341
pitch,major replacement,5,5,1,0,0,1
pitch,minor repair,5,5,1506,0,1,1505
power_supply,major repair,5,5,155,0,0,155
power_supply,major replacement,5,5,13,0,8,5
power_supply,minor repair,5,5,154,0,0,154
pump_motor,major repair,5,5,88,0,0,88
pump_motor,minor repair,5,5,536,0,0,536
relay,major repair,5,5,124,0,0,124
relay,major replacement,5,5,5,0,3,2
relay,minor repair,5,5,645,0,0,645
safety,major repair,5,5,7,0,0,7
safety,minor repair,5,5,680,0,0,680
sensors,major repair,5,5,118,0,0,118
sensors,minor repair,5,5,505,0,0,505
service_items,major repair,5,5,4,0,0,4
service_items,minor repair,5,5,224,0,0,224
tower_substructure,major repair,5,5,156,0,0,156
tower_substructure,minor repair,5,5,167,0,0,167
transformer,annual inspection,5,5,29,0,0,29
transformer,minor repair,5,5,9,0,0,9
xformer,major repair,5,5,7,0,0,7
xformer,major replacement,5,5,5,0,3,2
xformer,minor repair,5,5,100,0,0,100
yaw,major repair,5,5,11,0,0,11
yaw,major replacement,5,5,2,0,2,0
yaw,minor repair,5,5,330,0,0,330
blades,major repair,6,6,12,0,0,12
blades,major replacement,6,6,3,0,3,0
blades,minor repair,6,6,889,0,0,889
controls,major repair,6,6,86,0,0,86
controls,major replacement,6,6,2,0,1,1
controls,minor repair,6,6,664,0,0,664
electrical,major repair,6,6,38,0,0,38
electrical,major replacement,6,6,5,0,2,3
electrical,minor repair,6,6,731,0,0,731
gearbox,major repair,6,6,72,0,0,72
gearbox,major replacement,6,6,298,181,66,51
gearbox,minor repair,6,6,734,1,0,733
generator,major repair,6,6,616,0,0,616
generator,major replacement,6,6,101,22,39,40
generator,minor repair,6,6,881,0,0,881
heat_cool,major repair,6,6,15,0,0,15
heat_cool,minor repair,6,6,366,0,0,366
hub,major repair,6,6,67,0,0,67
hub,major replacement,6,6,2,0,2,0
hub,minor repair,6,6,375,0,0,375
main_bearing_failures,major replacement,6,6,15,0,0,15
main_bearing_maintenance,minor scheduled repair,6,6,1770,0,0,1770
oil,major repair,6,6,11,0,0,11
oil,minor repair,6,6,857,0,0,857
other,major repair,6,6,79,0,0,79
other,minor repair,6,6,1716,0,1,1715
pitch,major repair,6,6,336,0,0,336
pitch,major replacement,6,6,1,0,1,0
pitch,minor repair,6,6,1545,0,0,1545
power_supply,major repair,6,6,183,0,0,183
power_supply,major replacement,6,6,15,0,7,8
power_supply,minor repair,6,6,145,0,0,145
pump_motor,major repair,6,6,85,0,0,85
pump_motor,minor repair,6,6,539,0,0,539
relay,major repair,6,6,98,0,0,98
relay,minor repair,6,6,673,0,0,673
safety,major repair,6,6,12,0,0,12
safety,minor repair,6,6,649,0,0,649
sensors,major repair,6,6,129,0,0,129
sensors,minor repair,6,6,494,0,0,494
service_items,major repair,6,6,3,0,0,3
service_items,minor repair,6,6,217,0,0,217
tower_substructure,major repair,6,6,175,0,0,175
tower_substructure,minor repair,6,6,146,0,0,146
transformer,annual inspection,6,6,29,0,0,29
transformer,major repair,6,6,2,0,0,2
transformer,minor repair,6,6,5,0,0,5
xformer,major repair,6,6,2,0,0,2
xformer,major replacement,6,6,4,0,2,2
xformer,minor repair,6,6,111,0,0,111
yaw,major repair,6,6,18,0,0,18
yaw,major replacement,6,6,4,0,1,3
yaw,minor repair,6,6,341,0,0,341
array cable,none,7,7,1,0,0,1
blades,major repair,7,7,22,0,0,22
blades,major replacement,7,7,1,0,0,1
blades,minor repair,7,7,910,0,0,910
controls,major repair,7,7,89,0,0,89
controls,major replacement,7,7,3,0,2,1
controls,minor repair,7,7,640,0,0,640
electrical,major repair,7,7,34,0,0,34
electrical,major replacement,7,7,5,0,3,2
electrical,minor repair,7,7,756,0,0,756
gearbox,major repair,7,7,79,0,0,79
gearbox,major replacement,7,7,299,181,68,50
gearbox,minor repair,7,7,765,4,1,760
generator,major repair,7,7,601,0,0,601
generator,major replacement,7,7,87,17,37,33
generator,minor repair,7,7,962,0,0,962
heat_cool,major repair,7,7,7,0,0,7
heat_cool,minor repair,7,7,321,0,0,321
hub,major repair,7,7,66,0,0,66
hub,major replacement,7,7,2,0,1,1
hub,minor repair,7,7,323,0,0,323
main_bearing_failures,major replacement,7,7,16,0,0,16
main_bearing_maintenance,minor scheduled repair,7,7,1770,0,0,1770
oil,major repair,7,7,13,0,0,13
oil,minor repair,7,7,814,0,0,814
other,major repair,7,7,92,0,0,92
other,major replacement,7,7,4,0,2,2
other,minor repair,7,7,1682,0,0,1682
pitch,major repair,7,7,335,0,0,335
pitch,major replacement,7,7,1,0,0,1
pitch,minor repair,7,7,1579,0,1,1578
power_supply,major repair,7,7,170,0,0,170
power_supply,major replacement,7,7,13,1,5,7
power_supply,minor repair,7,7,168,0,0,168
pump_motor,major repair,7,7,88,0,0,88
pump_motor,minor repair,7,7,586,0,0,586
relay,major repair,7,7,104,0,0,104
relay,major replacement,7,7,5,0,1,4
relay,minor repair,7,7,620,0,0,620
safety,major repair,7,7,7,0,0,7
safety,minor repair,7,7,685,0,0,685
sensors,major repair,7,7,126,0,0,126
sensors,minor repair,7,7,442,0,0,442
service_items,major repair,7,7,3,0,0,3
service_items,minor repair,7,7,203,0,0,203
tower_substructure,major repair,7,7,175,0,0,175
tower_substructure,minor repair,7,7,143,0,0,143
transformer,annual inspection,7,7,29,0,0,29
transformer,minor repair,7,7,3,0,0,3
xformer,major repair,7,7,5,0,0,5
xformer,major replacement,7,7,5,0,4,1
xformer,minor repair,7,7,108,0,0,108
yaw,major repair,7,7,11,0,0,11
yaw,major replacement,7,7,4,0,2,2
yaw,minor repair,7,7,322,0,0,322
blades,major repair,8,8,13,0,0,13
blades,major replacement,8,8,2,0,0,2
blades,minor repair,8,8,870,0,0,870
controls,major repair,8,8,130,0,0,130
controls,major replacement,8,8,1,0,0,1
controls,minor repair,8,8,641,0,0,641
electrical,major repair,8,8,33,0,0,33
electrical,major replacement,8,8,3,0,1,2
electrical,minor repair,8,8,747,0,0,747
gearbox,major repair,8,8,87,0,0,87
gearbox,major replacement,8,8,268,141,73,54
gearbox,minor repair,8,8,700,1,0,699
generator,major repair,8,8,650,0,0,650
generator,major replacement,8,8,98,26,37,35
generator,minor repair,8,8,983,2,0,981
heat_cool,major repair,8,8,8,0,0,8
heat_cool,minor repair,8,8,387,0,1,386
hub,major repair,8,8,69,0,0,69
hub,major replacement,8,8,3,0,3,0
hub,minor repair,8,8,347,0,0,347
main_bearing_failures,major replacement,8,8,10,0,0,10
main_bearing_maintenance,minor scheduled repair,8,8,1772,0,0,1772
oil,major repair,8,8,11,0,0,11
oil,minor repair,8,8,846,0,0,846
other,major repair,8,8,81,0,0,81
other,major replacement,8,8,1,0,0,1
other,minor repair,8,8,1710,0,0,1710
pitch,major repair,8,8,349,0,0,349
pitch,major replacement,8,8,3,0,2,1
pitch,minor repair,8,8,1487,0,0,1487
power_supply,major repair,8,8,162,0,0,162
power_supply,major replacement,8,8,14,1,9,4
power_supply,minor repair,8,8,177,0,0,177
pump_motor,major repair,8,8,82,0,0,82
pump_motor,minor repair,8,8,574,0,0,574
relay,major repair,8,8,110,0,0,110
relay,major replacement,8,8,1,0,0,1
relay,minor repair,8,8,640,0,0,640
safety,major repair,8,8,5,0,0,5
safety,minor repair,8,8,624,0,0,624
sensors,major repair,8,8,117,0,1,116
sensors,minor repair,8,8,430,0,0,430
service_items,major repair,8,8,6,0,0,6
service_items,minor repair,8,8,232,0,0,232
tower_substructure,major repair,8,8,162,0,0,162
tower_substructure,minor repair,8,8,164,0,0,164
transformer,annual inspection,8,8,29,0,0,29
transformer,minor repair,8,8,10,0,0,10
xformer,major repair,8,8,4,0,0,4
xformer,major replacement,8,8,2,0,2,0
xformer,minor repair,8,8,115,0,0,115
yaw,major repair,8,8,12,0,0,12
yaw,major replacement,8,8,1,0,0,1
yaw,minor repair,8,8,329,0,0,329
blades,major repair,9,9,15,0,0,15
blades,major replacement,9,9,3,0,1,2
blades,minor repair,9,9,914,0,0,914
controls,major repair,9,9,89,0,0,89
controls,minor repair,9,9,610,0,0,610
electrical,major repair,9,9,37,0,0,37
electrical,major replacement,9,9,3,0,2,1
electrical,minor repair,9,9,764,0,0,764
gearbox,major repair,9,9,83,0,0,83
gearbox,major replacement,9,9,292,173,70,49
gearbox,minor repair,9,9,761,0,2,759
generator,major repair,9,9,643,1,0,642
generator,major replacement,9,9,95,21,38,36
generator,minor repair,9,9,938,0,0,938
heat_cool,major repair,9,9,16,0,0,16
heat_cool,minor repair,9,9,410,0,0,410
hub,major repair,9,9,69,0,0,69
hub,major replacement,9,9,2,0,0,2
hub,minor repair,9,9,354,0,0,354
main_bearing_failures,major replacement,9,9,10,0,0,10
main_bearing_maintenance,minor scheduled repair,9,9,1773,0,0,1773
oil,major repair,9,9,10,0,0,10
oil,minor repair,9,9,873,0,0,873
other,major repair,9,9,85,0,1,84
other,major replacement,9,9,3,0,2,1
other,minor repair,9,9,1652,0,0,1652
pitch,major repair,9,9,358,0,0,358
pitch,major replacement,9,9,3,0,1,2
pitch,minor repair,9,9,1567,0,1,1566
power_supply,major repair,9,9,149,0,0,149
power_supply,major replacement,9,9,13,0,9,4
power_supply,minor repair,9,9,139,0,0,139
pump_motor,major repair,9,9,87,0,0,87
pump_motor,minor repair,9,9,538,0,0,538
relay,major repair,9,9,110,0,0,110
relay,major replacement,9,9,2,0,2,0
relay,minor repair,9,9,691,0,0,691
safety,major repair,9,9,7,0,0,7
safety,minor repair,9,9,673,0,0,673
sensors,major repair,9,9,118,0,0,118
sensors,minor repair,9,9,489,0,0,489
service_items,minor repair,9,9,222,0,0,222
tower_substructure,major repair,9,9,171,0,0,171
tower_substructure,minor repair,9,9,165,0,0,165
transformer,annual inspection,9,9,29,0,0,29
transformer,major repair,9,9,2,0,0,2
transformer,minor repair,9,9,5,0,0,5
xformer,major repair,9,9,8,0,0,8
xformer,major replacement,9,9,2,0,1,1
xformer,minor repair,9,9,85,0,0,85
yaw,major repair,9,9,12,0,0,12
yaw,major replacement,9,9,4,0,2,2
yaw,minor repair,9,9,327,0,0,327
array cable,none,10,10,1,0,0,1
blades,major repair,10,10,27,0,0,27
blades,major replacement,10,10,3,0,1,2
blades,minor repair,10,10,917,0,2,915
controls,major repair,10,10,79,0,0,79
controls,major replacement,10,10,1,0,1,0
controls,minor repair,10,10,631,0,0,631
electrical,major repair,10,10,30,0,0,30
electrical,major replacement,10,10,4,0,1,3
electrical,minor repair,10,10,764,0,0,764
gearbox,major repair,10,10,77,0,0,77
gearbox,major replacement,10,10,294,167,78,49
gearbox,minor repair,10,10,742,1,0,741
generator,major repair,10,10,609,1,0,608
generator,major replacement,10,10,102,26,40,36
generator,minor repair,10,10,911,0,0,911
heat_cool,major repair,10,10,17,0,0,17
heat_cool,minor repair,10,10,313,0,0,313
hub,major repair,10,10,74,0,0,74
hub,major replacement,10,10,2,0,0,2
hub,minor repair,10,10,396,0,0,396
main_bearing_failures,major replacement,10,10,14,0,0,14
main_bearing_maintenance,minor scheduled repair,10,10,1773,0,0,1773
oil,major repair,10,10,9,0,0,9
oil,minor repair,10,10,821,0,0,821
other,major repair,10,10,87,0,0,87
other,major replacement,10,10,2,0,0,2
other,minor repair,10,10,1611,0,1,1610
pitch,major repair,10,10,342,0,0,342
pitch,major replacement,10,10,2,0,1,1
pitch,minor repair,10,10,1530,0,0,1530
power_supply,major repair,10,10,130,0,0,130
power_supply,major replacement,10,10,9,0,1,8
power_supply,minor repair,10,10,155,0,0,155
pump_motor,major repair,10,10,75,0,0,75
pump_motor,minor repair,10,10,555,0,0,555
relay,major repair,10,10,76,0,0,76
relay,major replacement,10,10,2,0,2,0
relay,minor repair,10,10,654,0,0,654
safety,major repair,10,10,7,0,0,7
safety,minor repair,10,10,671,0,0,671
sensors,major repair,10,10,143,0,0,143
sensors,minor repair,10,10,459,0,0,459
service_items,major repair,10,10,5,0,0,5
service_items,minor repair,10,10,242,0,0,242
tower_substructure,major repair,10,10,179,0,0,179
tower_substructure,minor repair,10,10,151,0,0,151
transformer,annual inspection,10,10,29,0,0,29
transformer,minor repair,10,10,12,0,0,12
xformer,major repair,10,10,8,0,0,8
xformer,major replacement,10,10,3,0,2,1
xformer,minor repair,10,10,106,0,0,106
yaw,major repair,10,10,10,0,0,10
yaw,major replacement,10,10,2,0,1,1
yaw,minor repair,10,10,313,0,0,313
blades,major repair,11,11,15,0,0,15
blades,minor repair,11,11,898,0,1,897
controls,major repair,11,11,103,0,0,103
controls,major replacement,11,11,1,0,1,0
controls,minor repair,11,11,697,0,0,697
electrical,major repair,11,11,32,0,0,32
electrical,major replacement,11,11,3,0,2,1
electrical,minor repair,11,11,743,0,0,743
gearbox,major repair,11,11,79,0,0,79
gearbox,major replacement,11,11,290,165,67,58
gearbox,minor repair,11,11,764,1,0,763
generator,major repair,11,11,668,1,0,667
generator,major replacement,11,11,92,23,39,30
generator,minor repair,11,11,926,0,0,926
heat_cool,major repair,11,11,12,0,0,12
heat_cool,minor repair,11,11,329,0,0,329
hub,major repair,11,11,76,0,0,76
hub,major replacement,11,11,2,0,2,0
hub,minor repair,11,11,354,0,0,354
main_bearing_failures,major replacement,11,11,18,0,0,18
main_bearing_maintenance,minor scheduled repair,11,11,1774,0,0,1774
oil,major repair,11,11,13,0,0,13
oil,minor repair,11,11,805,0,0,805
other,major repair,11,11,71,0,0,71
other,major replacement,11,11,1,0,0,1
other,minor repair,11,11,1676,0,0,1676
pitch,major repair,11,11,349,0,0,349
pitch,major replacement,11,11,1,0,0,1
pitch,minor repair,11,11,1583,0,0,1583
power_supply,major repair,11,11,146,0,0,146
power_supply,major replacement,11,11,10,1,5,4
power_supply,minor repair,11,11,141,0,0,141
pump_motor,major repair,11,11,76,0,0,76
pump_motor,minor repair,11,11,546,0,0,546
relay,major repair,11,11,117,0,0,117
relay,major replacement,11,11,4,0,2,2
relay,minor repair,11,11,648,0,0,648
safety,major repair,11,11,9,0,0,9
safety,minor repair,11,11,655,0,0,655
sensors,major repair,11,11,119,0,0,119
sensors,minor repair,11,11,531,0,0,531
service_items,major repair,11,11,1,0,0,1
service_items,minor repair,11,11,213,0,0,213
tower_substructure,major repair,11,11,152,0,0,152
tower_substructure,minor repair,11,11,180,0,0,180
transformer,annual inspection,11,11,29,0,0,29
transformer,minor repair,11,11,5,0,0,5
xformer,major repair,11,11,7,0,0,7
xformer,major replacement,11,11,1,0,1,0
xformer,minor repair,11,11,112,0,0,112
yaw,major repair,11,11,10,0,0,10
yaw,major replacement,11,11,3,0,1,2
yaw,minor repair,11,11,318,0,0,318
array cable,none,12,12,2,0,0,2
blades,major repair,12,12,24,0,0,24
blades,major replacement,12,12,2,0,1,1
blades,minor repair,12,12,885,0,0,885
controls,major repair,12,12,97,0,0,97
controls,major replacement,12,12,1,0,1,0
controls,minor repair,12,12,635,0,0,635
electrical,major repair,12,12,45,0,0,45
electrical,minor repair,12,12,732,0,0,732
gearbox,major repair,12,12,81,0,0,81
gearbox,major replacement,12,12,264,137,72,55
gearbox,minor repair,12,12,769,1,0,768
generator,major repair,12,12,610,1,0,609
generator,major replacement,12,12,94,25,34,35
generator,minor repair,12,12,943,0,0,943
heat_cool,major repair,12,12,12,0,0,12
heat_cool,minor repair,12,12,387,0,0,387
hub,major repair,12,12,68,0,0,68
hub,major replacement,12,12,1,0,1,0
hub,minor repair,12,12,345,0,0,345
main_bearing_failures,major replacement,12,12,17,0,0,17
main_bearing_maintenance,minor scheduled repair,12,12,1771,0,0,1771
oil,major repair,12,12,9,0,0,9
oil,minor repair,12,12,842,0,0,842
other,major repair,12,12,92,0,0,92
other,major replacement,12,12,1,0,0,1
other,minor repair,12,12,1759,0,0,1759
pitch,major repair,12,12,356,0,0,356
pitch,major replacement,12,12,1,0,0,1
pitch,minor repair,12,12,1550,0,0,1550
power_supply,major repair,12,12,154,0,0,154
power_supply,major replacement,12,12,16,0,10,6
power_supply,minor repair,12,12,138,0,0,138
pump_motor,major repair,12,12,95,0,0,95
pump_motor,minor repair,12,12,541,0,0,541
relay,major repair,12,12,92,0,0,92
relay,major replacement,12,12,4,0,2,2
relay,minor repair,12,12,659,0,0,659
safety,major repair,12,12,13,0,0,13
safety,minor repair,12,12,693,0,0,693
sensors,major repair,12,12,127,0,0,127
sensors,minor repair,12,12,458,0,0,458
service_items,major repair,12,12,1,0,0,1
service_items,minor repair,12,12,226,0,0,226
tower_substructure,major repair,12,12,142,0,0,142
tower_substructure,minor repair,12,12,177,0,0,177
transformer,annual inspection,12,12,29,0,0,29
transformer,major repair,12,12,1,0,0,1
transformer,minor repair,12,12,4,0,0,4
xformer,major repair,12,12,3,0,0,3
xformer,major replacement,12,12,3,1,2,0
xformer,minor repair,12,12,106,0,0,106
yaw,major repair,12,12,11,0,0,11
yaw,major replacement,12,12,3,0,3,0
yaw,minor repair,12,12,288,0,0,288
blades,major repair,13,13,24,0,0,24
blades,major replacement,13,13,1,0,1,0
blades,minor repair,13,13,895,0,0,895
controls,major repair,13,13,101,0,0,101
controls,minor repair,13,13,656,0,1,655
electrical,major repair,13,13,39,0,0,39
electrical,major replacement,13,13,3,0,2,1
electrical,minor repair,13,13,683,0,0,683
gearbox,major repair,13,13,66,0,0,66
gearbox,major replacement,13,13,312,182,75,55
gearbox,minor repair,13,13,747,0,0,747
generator,major repair,13,13,587,0,1,586
generator,major replacement,13,13,87,23,34,30
generator,minor repair,13,13,943,0,0,943
heat_cool,major repair,13,13,17,0,0,17
heat_cool,minor repair,13,13,363,0,0,363
hub,major repair,13,13,70,0,0,70
hub,major replacement,13,13,3,0,2,1
hub,minor repair,13,13,362,0,0,362
main_bearing_failures,major replacement,13,13,13,0,0,13
main_bearing_maintenance,minor scheduled repair,13,13,1774,0,0,1774
oil,major repair,13,13,8,0,0,8
oil,minor repair,13,13,808,0,0,808
other,major repair,13,13,94,0,0,94
other,major replacement,13,13,1,0,0,1
other,minor repair,13,13,1684,0,0,1684
pitch,major repair,13,13,372,0,0,372
pitch,major replacement,13,13,5,0,3,2
pitch,minor repair,13,13,1564,0,0,1564
power_supply,major repair,13,13,160,0,0,160
power_supply,major replacement,13,13,5,1,4,0
power_supply,minor repair,13,13,159,0,0,159
pump_motor,major repair,13,13,96,0,0,96
pump_motor,minor repair,13,13,553,0,0,553
relay,major repair,13,13,85,0,0,85
relay,major replacement,13,13,4,0,1,3
relay,minor repair,13,13,624,0,0,624
safety,major repair,13,13,6,0,0,6
safety,minor repair,13,13,660,0,1,659
sensors,major repair,13,13,142,0,0,142
sensors,minor repair,13,13,460,0,0,460
service_items,major repair,13,13,2,0,0,2
service_items,minor repair,13,13,224,0,0,224
tower_substructure,major repair,13,13,160,0,0,160
tower_substructure,minor repair,13,13,170,0,0,170
transformer,annual inspection,13,13,29,0,0,29
transformer,minor repair,13,13,12,0,0,12
xformer,major repair,13,13,4,0,0,4
xformer,major replacement,13,13,3,0,3,0
xformer,minor repair,13,13,108,0,0,108
yaw,major repair,13,13,12,0,0,12
yaw,major replacement,13,13,1,0,0,1
yaw,minor repair,13,13,290,0,0,290
blades,major repair,14,14,18,0,0,18
blades,major replacement,14,14,1,0,1,0
blades,minor repair,14,14,929,0,0,929
controls,major repair,14,14,86,0,0,86
controls,major replacement,14,14,1,0,1,0
controls,minor repair,14,14,664,0,0,664
electrical,major repair,14,14,28,0,0,28
electrical,major replacement,14,14,2,0,1,1
electrical,minor repair,14,14,728,0,0,728
gearbox,major repair,14,14,84,0,0,84
gearbox,major replacement,14,14,275,151,70,54
gearbox,minor repair,14,14,781,3,0,778
generator,major repair,14,14,624,1,0,623
generator,major replacement,14,14,94,18,42,34
generator,minor repair,14,14,880,0,1,879
heat_cool,major repair,14,14,16,0,0,16
heat_cool,minor repair,14,14,308,0,0,308
hub,major repair,14,14,70,0,0,70
hub,major replacement,14,14,3,0,1,2
hub,minor repair,14,14,359,0,0,359
main_bearing_failures,major replacement,14,14,14,0,0,14
main_bearing_maintenance,minor scheduled repair,14,14,1772,0,0,1772
oil,major repair,14,14,9,0,0,9
oil,minor repair,14,14,849,0,0,849
other,major repair,14,14,97,0,0,97
other,major replacement,14,14,2,0,1,1
other,minor repair,14,14,1679,0,1,1678
pitch,major repair,14,14,329,0,0,329
pitch,major replacement,14,14,1,0,0,1
pitch,minor repair,14,14,1451,1,0,1450
power_supply,major repair,14,14,170,0,0,170
power_supply,major replacement,14,14,6,1,3,2
power_supply,minor repair,14,14,152,0,0,152
pump_motor,major repair,14,14,72,0,0,72
pump_motor,minor repair,14,14,517,0,0,517
relay,major repair,14,14,125,0,0,125
relay,major replacement,14,14,3,0,1,2
relay,minor repair,14,14,634,0,0,634
safety,major repair,14,14,9,0,0,9
safety,minor repair,14,14,685,0,0,685
sensors,major repair,14,14,131,0,0,131
sensors,minor repair,14,14,482,0,0,482
service_items,major repair,14,14,2,0,0,2
service_items,minor repair,14,14,216,0,0,216
tower_substructure,major repair,14,14,174,0,0,174
tower_substructure,minor repair,14,14,175,0,0,175
transformer,annual inspection,14,14,29,0,0,29
transformer,minor repair,14,14,5,0,0,5
xformer,major repair,14,14,6,0,0,6
xformer,major replacement,14,14,6,0,4,2
xformer,minor repair,14,14,104,0,0,104
yaw,major repair,14,14,14,0,0,14
yaw,major replacement,14,14,7,0,4,3
yaw,minor repair,14,14,351,0,0,351
blades,major repair,15,15,17,0,0,17
blades,minor repair,15,15,902,0,0,902
controls,major repair,15,15,113,0,0,113
controls,major replacement,15,15,2,0,2,0
controls,minor repair,15,15,655,0,0,655
electrical,major repair,15,15,26,0,0,26
electrical,major replacement,15,15,2,0,0,2
electrical,minor repair,15,15,717,0,0,717
gearbox,major repair,15,15,58,0,0,58
gearbox,major replacement,15,15,301,181,66,54
gearbox,minor repair,15,15,780,0,0,780
generator,major repair,15,15,629,0,0,629
generator,major replacement,15,15,78,20,34,24
generator,minor repair,15,15,961,0,0,961
heat_cool,major repair,15,15,13,0,0,13
heat_cool,minor repair,15,15,318,0,0,318
hub,major repair,15,15,67,0,0,67
hub,major replacement,15,15,2,0,1,1
hub,minor repair,15,15,364,0,0,364
main_bearing_failures,major replacement,15,15,12,0,0,12
main_bearing_maintenance,minor scheduled repair,15,15,1773,0,0,1773
oil,major repair,15,15,13,0,0,13
oil,minor repair,15,15,831,0,0,831
other,major repair,15,15,90,0,0,90
other,major replacement,15,15,3,0,2,1
other,minor repair,15,15,1663,0,0,1663
pitch,major repair,15,15,344,0,0,344
pitch,major replacement,15,15,5,0,3,2
pitch,minor repair,15,15,1582,1,0,1581
power_supply,major repair,15,15,178,0,0,178
power_supply,major replacement,15,15,4,0,1,3
power_supply,minor repair,15,15,134,0,0,134
pump_motor,major repair,15,15,86,0,0,86
pump_motor,minor repair,15,15,528,0,0,528
relay,major repair,15,15,99,0,0,99
relay,major replacement,15,15,5,0,4,1
relay,minor repair,15,15,685,0,0,685
safety,minor repair,15,15,691,0,0,691
sensors,major repair,15,15,134,0,0,134
sensors,minor repair,15,15,488,0,0,488
service_items,major repair,15,15,1,0,0,1
service_items,minor repair,15,15,239,0,0,239
tower_substructure,major repair,15,15,186,0,0,186
tower_substructure,minor repair,15,15,180,0,0,180
transformer,annual inspection,15,15,29,0,0,29
transformer,minor repair,15,15,9,0,0,9
xformer,major repair,15,15,7,0,0,7
xformer,major replacement,15,15,4,0,3,1
xformer,minor repair,15,15,98,0,0,98
yaw,major repair,15,15,10,0,0,10
yaw,major replacement,15,15,2,0,2,0
yaw,minor repair,15,15,313,0,0,313
array cable,none,16,16,1,0,0,1
blades,major repair,16,16,22,0,0,22
blades,major replacement,16,16,1,0,0,1
blades,minor repair,16,16,877,0,1,876
controls,major repair,16,16,95,0,0,95
controls,major replacement,16,16,1,0,1,0
controls,minor repair,16,16,672,0,0,672
electrical,major repair,16,16,30,0,0,30
electrical,major replacement,16,16,7,0,3,4
electrical,minor repair,16,16,727,0,0,727
gearbox,major repair,16,16,81,1,0,80
gearbox,major replacement,16,16,273,149,72,52
gearbox,minor repair,16,16,709,0,0,709
generator,major repair,16,16,624,0,0,624
generator,major replacement,16,16,111,29,43,39
generator,minor repair,16,16,947,1,0,946
heat_cool,major repair,16,16,13,0,0,13
heat_cool,minor repair,16,16,364,0,0,364
hub,major repair,16,16,69,0,0,69
hub,major replacement,16,16,1,0,0,1
hub,minor repair,16,16,369,0,0,369
main_bearing_failures,major replacement,16,16,15,0,0,15
main_bearing_maintenance,minor scheduled repair,16,16,1777,0,0,1777
oil,major repair,16,16,7,0,0,7
oil,minor repair,16,16,795,0,0,795
other,major repair,16,16,102,0,0,102
other,major replacement,16,16,1,0,1,0
other,minor repair,16,16,1698,0,0,1698
pitch,major repair,16,16,327,0,0,327
pitch,minor repair,16,16,1544,0,1,1543
power_supply,major repair,16,16,166,0,0,166
power_supply,major replacement,16,16,6,0,3,3
power_supply,minor repair,16,16,165,0,0,165
pump_motor,major repair,16,16,71,0,0,71
pump_motor,minor repair,16,16,506,0,0,506
relay,major repair,16,16,106,0,0,106
relay,major replacement,16,16,4,0,2,2
relay,minor repair,16,16,627,0,0,627
safety,major repair,16,16,9,0,0,9
safety,minor repair,16,16,698,0,1,697
sensors,major repair,16,16,132,0,1,131
sensors,minor repair,16,16,441,0,0,441
service_items,major repair,16,16,2,0,0,2
service_items,minor repair,16,16,195,0,0,195
tower_substructure,major repair,16,16,172,0,0,172
tower_substructure,minor repair,16,16,160,0,0,160
transformer,annual inspection,16,16,29,0,0,29
transformer,major repair,16,16,1,0,0,1
transformer,minor repair,16,16,6,0,0,6
xformer,major repair,16,16,5,0,0,5
xformer,minor repair,16,16,108,0,0,108
yaw,major repair,16,16,7,0,0,7
yaw,major replacement,16,16,5,1,2,2
yaw,minor repair,16,16,319,0,0,319
blades,major repair,17,17,19,0,0,19
blades,major replacement,17,17,1,0,0,1
blades,minor repair,17,17,876,0,0,876
controls,major repair,17,17,99,0,0,99
controls,major replacement,17,17,3,0,1,2
controls,minor repair,17,17,637,0,1,636
electrical,major repair,17,17,34,0,0,34
electrical,major replacement,17,17,4,0,3,1
electrical,minor repair,17,17,749,0,0,749
gearbox,major repair,17,17,64,0,0,64
gearbox,major replacement,17,17,339,214,75,50
gearbox,minor repair,17,17,778,1,0,777
generator,major repair,17,17,666,0,0,666
generator,major replacement,17,17,109,28,39,42
generator,minor repair,17,17,1009,0,0,1009
heat_cool,major repair,17,17,12,0,0,12
heat_cool,minor repair,17,17,344,0,0,344
hub,major repair,17,17,67,0,0,67
hub,major replacement,17,17,1,0,0,1
hub,minor repair,17,17,342,0,0,342
main_bearing_failures,major replacement,17,17,15,0,0,15
main_bearing_maintenance,minor scheduled repair,17,17,1773,0,0,1773
oil,major repair,17,17,16,0,0,16
oil,minor repair,17,17,851,0,0,851
other,major repair,17,17,79,0,0,79
other,major replacement,17,17,3,0,2,1
other,minor repair,17,17,1670,0,0,1670
pitch,major repair,17,17,327,0,0,327
pitch,major replacement,17,17,1,0,1,0
pitch,minor repair,17,17,1617,0,0,1617
power_supply,major repair,17,17,159,0,0,159
power_supply,major replacement,17,17,14,1,5,8
power_supply,minor repair,17,17,136,0,0,136
pump_motor,major repair,17,17,83,0,0,83
pump_motor,minor repair,17,17,547,0,0,547
relay,major repair,17,17,111,0,0,111
relay,major replacement,17,17,4,0,3,1
relay,minor repair,17,17,672,0,0,672
safety,major repair,17,17,3,0,0,3
safety,minor repair,17,17,708,0,0,708
sensors,major repair,17,17,143,0,0,143
sensors,minor repair,17,17,493,0,0,493
service_items,minor repair,17,17,234,0,0,234
tower_substructure,major repair,17,17,186,0,0,186
tower_substructure,minor repair,17,17,172,0,0,172
transformer,annual inspection,17,17,29,0,0,29
transformer,minor repair,17,17,5,0,0,5
xformer,major repair,17,17,9,0,0,9
xformer,major replacement,17,17,3,0,3,0
xformer,minor repair,17,17,113,0,0,113
yaw,major repair,17,17,8,0,0,8
yaw,major replacement,17,17,1,0,0,1
yaw,minor repair,17,17,323,0,0,323
blades,major repair,18,18,17,0,0,17
blades,major replacement,18,18,1,0,1,0
blades,minor repair,18,18,883,0,0,883
controls,major repair,18,18,102,0,0,102
controls,major replacement,18,18,3,0,1,2
controls,minor repair,18,18,657,0,0,657
electrical,major repair,18,18,37,0,0,37
electrical,major replacement,18,18,3,0,0,3
electrical,minor repair,18,18,746,0,1,745
gearbox,major repair,18,18,77,0,0,77
gearbox,major replacement,18,18,264,141,70,53
gearbox,minor repair,18,18,788,0,0,788
generator,major repair,18,18,636,1,0,635
generator,major replacement,18,18,90,17,31,42
generator,minor repair,18,18,928,1,0,927
heat_cool,major repair,18,18,14,0,0,14
heat_cool,minor repair,18,18,366,0,0,366
hub,major repair,18,18,69,0,0,69
hub,major replacement,18,18,1,0,0,1
hub,minor repair,18,18,352,0,0,352
main_bearing_failures,major replacement,18,18,10,0,0,10
main_bearing_maintenance,minor scheduled repair,18,18,1773,0,0,1773
oil,major repair,18,18,17,0,0,17
oil,minor repair,18,18,810,0,0,810
other,major repair,18,18,78,0,0,78
other,major replacement,18,18,3,0,0,3
other,minor repair,18,18,1776,0,0,1776
pitch,major repair,18,18,360,0,0,360
pitch,minor repair,18,18,1523,0,1,1522
power_supply,major repair,18,18,165,0,0,165
power_supply,major replacement,18,18,10,0,5,5
power_supply,minor repair,18,18,155,0,0,155
pump_motor,major repair,18,18,83,0,0,83
pump_motor,minor repair,18,18,535,0,0,535
relay,major repair,18,18,91,0,0,91
relay,major replacement,18,18,3,0,1,2
relay,minor repair,18,18,630,1,0,629
safety,major repair,18,18,8,0,0,8
safety,minor repair,18,18,700,0,0,700
sensors,major repair,18,18,134,0,0,134
sensors,minor repair,18,18,463,0,1,462
service_items,major repair,18,18,2,0,0,2
service_items,minor repair,18,18,211,0,0,211
tower_substructure,major repair,18,18,168,0,0,168
tower_substructure,minor repair,18,18,152,0,0,152
transformer,annual inspection,18,18,29,0,0,29
transformer,minor repair,18,18,11,0,0,11
xformer,major repair,18,18,5,0,0,5
xformer,major replacement,18,18,1,0,1,0
xformer,minor repair,18,18,106,0,0,106
yaw,major repair,18,18,10,0,0,10
yaw,major replacement,18,18,2,0,1,1
yaw,minor repair,18,18,300,0,0,300
array cable,none,19,19,1,0,0,1
blades,major repair,19,19,14,0,0,14
blades,major replacement,19,19,2,0,1,1
blades,minor repair,19,19,880,0,0,880
controls,major repair,19,19,106,0,0,106
controls,major replacement,19,19,2,0,1,1
controls,minor repair,19,19,653,0,0,653
electrical,major repair,19,19,33,0,0,33
electrical,major replacement,19,19,3,0,1,2
electrical,minor repair,19,19,743,0,0,743
gearbox,major repair,19,19,58,0,0,58
gearbox,major replacement,19,19,282,154,74,54
gearbox,minor repair,19,19,721,0,0,721
generator,major repair,19,19,611,0,0,611
generator,major replacement,19,19,97,29,37,31
generator,minor repair,19,19,947,0,0,947
heat_cool,major repair,19,19,12,0,0,12
heat_cool,minor repair,19,19,363,0,0,363
hub,major repair,19,19,78,0,0,78
hub,major replacement,19,19,1,0,0,1
hub,minor repair,19,19,365,0,0,365
main_bearing_failures,major replacement,19,19,19,0,2,17
main_bearing_maintenance,minor scheduled repair,19,19,1772,0,0,1772
oil,major repair,19,19,18,0,0,18
oil,minor repair,19,19,815,0,0,815
other,major repair,19,19,88,0,0,88
other,major replacement,19,19,1,0,1,0
other,minor repair,19,19,1747,0,1,1746
pitch,major repair,19,19,331,0,0,331
pitch,major replacement,19,19,4,0,1,3
pitch,minor repair,19,19,1586,0,1,1585
power_supply,major repair,19,19,170,0,0,170
power_supply,major replacement,19,19,5,0,2,3
power_supply,minor repair,19,19,149,0,0,149
pump_motor,major repair,19,19,89,0,0,89
pump_motor,minor repair,19,19,527,0,1,526
relay,major repair,19,19,120,0,0,120
relay,major replacement,19,19,7,0,3,4
relay,minor repair,19,19,653,0,0,653
safety,major repair,19,19,9,0,0,9
safety,minor repair,19,19,677,0,0,677
sensors,major repair,19,19,132,0,0,132
sensors,minor repair,19,19,466,0,0,466
service_items,major repair,19,19,5,0,0,5
service_items,minor repair,19,19,214,0,0,214
tower_substructure,major repair,19,19,169,0,0,169
tower_substructure,minor repair,19,19,172,0,0,172
transformer,annual inspection,19,19,29,0,0,29
transformer,major repair,19,19,1,0,0,1
transformer,minor repair,19,19,8,0,0,8
xformer,major repair,19,19,8,0,0,8
xformer,major replacement,19,19,1,0,1,0
xformer,minor repair,19,19,103,0,0,103
yaw,major repair,19,19,16,0,0,16
yaw,minor repair,19,19,320,0,0,320
blades,major repair,20,20,19,0,0,19
blades,major replacement,20,20,2,0,1,1
blades,minor repair,20,20,932,0,0,932
controls,major repair,20,20,86,0,0,86
controls,major replacement,20,20,3,0,2,1
controls,minor repair,20,20,689,0,0,689
electrical,major repair,20,20,43,0,0,43
electrical,major replacement,20,20,6,0,2,4
electrical,minor repair,20,20,728,0,0,728
gearbox,major repair,20,20,65,0,0,65
gearbox,major replacement,20,20,290,165,75,50
gearbox,minor repair,20,20,771,3,0,768
generator,major repair,20,20,654,0,0,654
generator,major replacement,20,20,81,25,30,26
generator,minor repair,20,20,943,1,0,942
heat_cool,major repair,20,20,15,0,0,15
heat_cool,minor repair,20,20,343,0,0,343
hub,major repair,20,20,59,0,0,59
hub,major replacement,20,20,1,0,1,0
hub,minor repair,20,20,350,0,0,350
main_bearing_failures,major replacement,20,20,13,0,0,13
main_bearing_maintenance,minor scheduled repair,20,20,1770,0,0,1770
oil,major repair,20,20,15,0,0,15
oil,minor repair,20,20,814,0,0,814
other,major repair,20,20,90,0,0,90
other,major replacement,20,20,1,0,0,1
other,minor repair,20,20,1675,0,0,1675
pitch,major repair,20,20,329,0,0,329
pitch,major replacement,20,20,1,0,0,1
pitch,minor repair,20,20,1560,0,0,1560
power_supply,major repair,20,20,152,0,0,152
power_supply,major replacement,20,20,12,0,7,5
power_supply,minor repair,20,20,130,0,0,130
pump_motor,major repair,20,20,79,0,0,79
pump_motor,minor repair,20,20,531,0,0,531
relay,major repair,20,20,101,0,0,101
relay,major replacement,20,20,6,0,2,4
relay,minor repair,20,20,659,0,0,659
safety,major repair,20,20,9,0,0,9
safety,minor repair,20,20,681,0,0,681
sensors,major repair,20,20,143,0,0,143
sensors,minor repair,20,20,490,0,0,490
service_items,major repair,20,20,2,0,0,2
service_items,minor repair,20,20,232,0,0,232
tower_substructure,major repair,20,20,157,0,0,157
tower_substructure,minor repair,20,20,157,0,0,157
transformer,annual inspection,20,20,29,0,0,29
transformer,minor repair,20,20,6,0,0,6
xformer,major repair,20,20,9,0,0,9
xformer,major replacement,20,20,1,0,1,0
xformer,minor repair,20,20,101,0,0,101
yaw,major repair,20,20,11,0,0,11
yaw,major replacement,20,20,6,0,3,3
yaw,minor repair,20,20,289,0,1,288
blades,major repair,21,21,19,0,0,19
blades,major replacement,21,21,3,0,2,1
blades,minor repair,21,21,911,0,0,911
controls,major repair,21,21,108,0,0,108
controls,major replacement,21,21,2,0,0,2
controls,minor repair,21,21,650,0,0,650
electrical,major repair,21,21,33,0,0,33
electrical,major replacement,21,21,8,0,7,1
electrical,minor repair,21,21,731,0,0,731
gearbox,major repair,21,21,92,0,0,92
gearbox,major replacement,21,21,300,170,74,56
gearbox,minor repair,21,21,749,2,0,747
generator,major repair,21,21,604,0,1,603
generator,major replacement,21,21,83,19,36,28
generator,minor repair,21,21,939,0,1,938
heat_cool,major repair,21,21,12,0,0,12
heat_cool,minor repair,21,21,362,0,0,362
hub,major repair,21,21,67,0,0,67
hub,major replacement,21,21,2,0,0,2
hub,minor repair,21,21,345,0,0,345
main_bearing_failures,major replacement,21,21,8,0,0,8
main_bearing_maintenance,minor scheduled repair,21,21,1772,0,0,1772
oil,major repair,21,21,14,0,0,14
oil,minor repair,21,21,841,0,1,840
other,major repair,21,21,99,0,0,99
other,major replacement,21,21,3,0,2,1
other,minor repair,21,21,1637,0,0,1637
pitch,major repair,21,21,342,0,0,342
pitch,major replacement,21,21,1,0,0,1
pitch,minor repair,21,21,1538,0,0,1538
power_supply,major repair,21,21,169,0,0,169
power_supply,major replacement,21,21,12,0,7,5
power_supply,minor repair,21,21,145,0,0,145
pump_motor,major repair,21,21,76,0,0,76
pump_motor,minor repair,21,21,534,0,0,534
relay,major repair,21,21,97,0,0,97
relay,major replacement,21,21,5,0,4,1
relay,minor repair,21,21,671,0,0,671
safety,major repair,21,21,9,0,0,9
safety,minor repair,21,21,695,0,0,695
sensors,major repair,21,21,144,0,0,144
sensors,minor repair,21,21,447,0,0,447
service_items,major repair,21,21,4,0,0,4
service_items,minor repair,21,21,217,0,0,217
tower_substructure,major repair,21,21,158,0,0,158
tower_substructure,minor repair,21,21,161,0,0,161
transformer,annual inspection,21,21,29,0,0,29
transformer,major repair,21,21,1,0,0,1
transformer,minor repair,21,21,8,0,0,8
xformer,major repair,21,21,5,0,0,5
xformer,major replacement,21,21,4,0,3,1
xformer,minor repair,21,21,88,0,0,88
yaw,major repair,21,21,13,0,0,13
yaw,major replacement,21,21,2,0,1,1
yaw,minor repair,21,21,308,1,0,307
blades,major repair,22,22,23,0,0,23
blades,minor repair,22,22,812,0,0,812
controls,major repair,22,22,101,0,0,101
controls,major replacement,22,22,4,0,3,1
controls,minor repair,22,22,652,0,0,652
electrical,major repair,22,22,37,0,0,37
electrical,major replacement,22,22,4,0,1,3
electrical,minor repair,22,22,752,0,0,752
gearbox,major repair,22,22,69,0,0,69
gearbox,major replacement,22,22,283,158,73,52
gearbox,minor repair,22,22,790,0,0,790
generator,major repair,22,22,669,1,0,668
generator,major replacement,22,22,86,18,37,31
generator,minor repair,22,22,886,1,0,885
heat_cool,major repair,22,22,9,0,0,9
heat_cool,minor repair,22,22,358,0,0,358
hub,major repair,22,22,64,0,0,64
hub,major replacement,22,22,6,0,6,0
hub,minor repair,22,22,354,0,0,354
main_bearing_failures,major replacement,22,22,17,0,0,17
main_bearing_maintenance,minor scheduled repair,22,22,1772,0,0,1772
oil,major repair,22,22,19,0,0,19
oil,minor repair,22,22,821,0,0,821
other,major repair,22,22,84,0,0,84
other,major replacement,22,22,3,0,2,1
other,minor repair,22,22,1725,0,1,1724
pitch,major repair,22,22,367,0,0,367
pitch,major replacement,22,22,1,0,1,0
pitch,minor repair,22,22,1536,0,0,1536
power_supply,major repair,22,22,157,0,0,157
power_supply,major replacement,22,22,12,0,6,6
power_supply,minor repair,22,22,171,0,0,171
pump_motor,major repair,22,22,86,0,0,86
pump_motor,minor repair,22,22,524,0,0,524
relay,major repair,22,22,105,0,0,105
relay,major replacement,22,22,8,0,6,2
relay,minor repair,22,22,659,0,0,659
safety,major repair,22,22,6,0,0,6
safety,minor repair,22,22,696,0,0,696
sensors,major repair,22,22,139,0,0,139
sensors,minor repair,22,22,499,0,0,499
service_items,major repair,22,22,1,0,0,1
service_items,minor repair,22,22,228,0,0,228
tower_substructure,major repair,22,22,165,0,0,165
tower_substructure,minor repair,22,22,166,0,0,166
transformer,annual inspection,22,22,29,0,0,29
transformer,minor repair,22,22,7,0,0,7
xformer,major repair,22,22,7,0,0,7
xformer,major replacement,22,22,6,1,3,2
xformer,minor repair,22,22,100,0,0,100
yaw,major repair,22,22,11,0,0,11
yaw,major replacement,22,22,4,0,1,3
yaw,minor repair,22,22,329,0,0,329
blades,major repair,23,23,22,0,0,22
blades,major replacement,23,23,2,0,2,0
blades,minor repair,23,23,858,0,0,858
controls,major repair,23,23,115,0,0,115
controls,minor repair,23,23,650,0,0,650
electrical,major repair,23,23,31,0,0,31
electrical,major replacement,23,23,9,0,5,4
electrical,minor repair,23,23,755,0,0,755
gearbox,major repair,23,23,63,0,0,63
gearbox,major replacement,23,23,290,171,66,53
gearbox,minor repair,23,23,750,0,0,750
generator,major repair,23,23,592,1,0,591
generator,major replacement,23,23,93,22,44,27
generator,minor repair,23,23,933,2,0,931
heat_cool,major repair,23,23,19,0,0,19
heat_cool,minor repair,23,23,346,0,0,346
hub,major repair,23,23,69,0,0,69
hub,major replacement,23,23,4,0,1,3
hub,minor repair,23,23,347,0,0,347
main_bearing_failures,major replacement,23,23,14,0,0,14
main_bearing_maintenance,minor scheduled repair,23,23,1771,0,0,1771
oil,major repair,23,23,9,0,0,9
oil,minor repair,23,23,807,0,0,807
other,major repair,23,23,85,0,0,85
other,major replacement,23,23,3,0,2,1
other,minor repair,23,23,1659,0,0,1659
pitch,major repair,23,23,359,0,1,358
pitch,major replacement,23,23,1,0,1,0
pitch,minor repair,23,23,1574,0,0,1574
power_supply,major repair,23,23,137,0,0,137
power_supply,major replacement,23,23,6,0,4,2
power_supply,minor repair,23,23,148,0,0,148
pump_motor,major repair,23,23,91,0,0,91
pump_motor,minor repair,23,23,533,0,0,533
relay,major repair,23,23,99,0,0,99
relay,major replacement,23,23,4,0,2,2
relay,minor repair,23,23,664,0,0,664
safety,major repair,23,23,9,0,0,9
safety,minor repair,23,23,672,0,0,672
sensors,major repair,23,23,121,0,0,121
sensors,minor repair,23,23,475,0,0,475
service_items,major repair,23,23,3,0,0,3
service_items,minor repair,23,23,214,0,0,214
tower_substructure,major repair,23,23,179,0,0,179
tower_substructure,minor repair,23,23,139,0,0,139
transformer,annual inspection,23,23,29,0,0,29
transformer,major repair,23,23,1,0,0,1
transformer,minor repair,23,23,8,0,0,8
xformer,major repair,23,23,2,0,0,2
xformer,major replacement,23,23,4,0,1,3
xformer,minor repair,23,23,98,0,0,98
yaw,major repair,23,23,6,0,0,6
yaw,major replacement,23,23,2,0,0,2
yaw,minor repair,23,23,333,0,0,333
array cable,none,24,24,1,0,0,1
blades,major repair,24,24,19,0,0,19
blades,major replacement,24,24,3,0,3,0
blades,minor repair,24,24,893,0,1,892
controls,major repair,24,24,98,0,0,98
controls,major replacement,24,24,1,0,1,0
controls,minor repair,24,24,661,0,0,661
electrical,major repair,24,24,23,0,0,23
electrical,major replacement,24,24,3,0,3,0
electrical,minor repair,24,24,759,0,1,758
gearbox,major repair,24,24,56,0,0,56
gearbox,major replacement,24,24,293,173,62,58
gearbox,minor repair,24,24,779,0,0,779
generator,major repair,24,24,660,0,0,660
generator,major replacement,24,24,90,28,36,26
generator,minor repair,24,24,1000,0,0,1000
heat_cool,major repair,24,24,13,0,0,13
heat_cool,minor repair,24,24,359,0,0,359
hub,major repair,24,24,80,0,0,80
hub,major replacement,24,24,2,0,0,2
hub,minor repair,24,24,316,0,0,316
main_bearing_failures,major replacement,24,24,11,0,0,11
main_bearing_maintenance,minor scheduled repair,24,24,1774,0,0,1774
oil,major repair,24,24,7,0,0,7
oil,minor repair,24,24,831,0,0,831
other,major repair,24,24,78,0,0,78
other,major replacement,24,24,3,0,1,2
other,minor repair,24,24,1716,0,0,1716
pitch,major repair,24,24,357,0,0,357
pitch,major replacement,24,24,2,0,1,1
pitch,minor repair,24,24,1578,0,0,1578
power_supply,major repair,24,24,155,0,0,155
power_supply,major replacement,24,24,7,0,4,3
power_supply,minor repair,24,24,133,0,0,133
pump_motor,major repair,24,24,90,0,0,90
pump_motor,minor repair,24,24,510,0,0,510
relay,major repair,24,24,103,0,0,103
relay,major replacement,24,24,4,0,2,2
relay,minor repair,24,24,636,0,0,636
safety,major repair,24,24,8,0,0,8
safety,minor repair,24,24,657,0,0,657
sensors,major repair,24,24,141,0,0,141
sensors,minor repair,24,24,471,0,0,471
service_items,major repair,24,24,1,0,0,1
service_items,minor repair,24,24,225,0,0,225
tower_substructure,major repair,24,24,156,0,0,156
tower_substructure,minor repair,24,24,162,0,0,162
transformer,annual inspection,24,24,29,0,0,29
transformer,minor repair,24,24,7,0,0,7
xformer,major repair,24,24,6,0,0,6
xformer,major replacement,24,24,2,0,1,1
xformer,minor repair,24,24,101,0,0,101
yaw,major repair,24,24,12,0,0,12
yaw,major replacement,24,24,1,0,0,1
yaw,minor repair,24,24,343,0,1,342
blades,major repair,25,25,24,0,0,24
blades,major replacement,25,25,1,0,0,1
blades,minor repair,25,25,927,0,0,927
controls,major repair,25,25,123,0,0,123
controls,major replacement,25,25,4,0,3,1
controls,minor repair,25,25,665,0,0,665
electrical,major repair,25,25,31,0,0,31
electrical,major replacement,25,25,4,0,1,3
electrical,minor repair,25,25,723,0,0,723
gearbox,major repair,25,25,59,0,0,59
gearbox,major replacement,25,25,277,162,60,55
gearbox,minor repair,25,25,739,0,0,739
generator,major repair,25,25,640,0,0,640
generator,major replacement,25,25,99,29,47,23
generator,minor repair,25,25,964,1,0,963
heat_cool,major repair,25,25,9,0,0,9
heat_cool,minor repair,25,25,340,0,0,340
hub,major repair,25,25,63,0,0,63
hub,major replacement,25,25,1,0,1,0
hub,minor repair,25,25,356,0,0,356
main_bearing_failures,major replacement,25,25,17,0,0,17
main_bearing_maintenance,minor scheduled repair,25,25,1776,0,0,1776
oil,major repair,25,25,9,0,0,9
oil,minor repair,25,25,846,0,0,846
other,major repair,25,25,81,0,0,81
other,minor repair,25,25,1639,0,0,1639
pitch,major repair,25,25,372,0,0,372
pitch,major replacement,25,25,1,0,1,0
pitch,minor repair,25,25,1631,0,0,1631
power_supply,major repair,25,25,157,0,0,157
power_supply,major replacement,25,25,10,1,6,3
power_supply,minor repair,25,25,131,0,0,131
pump_motor,major repair,25,25,82,0,0,82
pump_motor,minor repair,25,25,617,0,0,617
relay,major repair,25,25,109,0,0,109
relay,major replacement,25,25,1,0,1,0
relay,minor repair,25,25,624,0,0,624
safety,major repair,25,25,7,0,0,7
safety,minor repair,25,25,663,0,0,663
sensors,major repair,25,25,140,0,0,140
sensors,minor repair,25,25,455,0,0,455
service_items,minor repair,25,25,221,0,0,221
tower_substructure,major repair,25,25,157,0,0,157
tower_substructure,minor repair,25,25,175,0,0,175
transformer,annual inspection,25,25,29,0,0,29
transformer,major repair,25,25,2,0,0,2
transformer,minor repair,25,25,8,0,0,8
xformer,major repair,25,25,3,0,0,3
xformer,major replacement,25,25,1,0,0,1
xformer,minor repair,25,25,126,0,0,126
yaw,major repair,25,25,17,0,0,17
yaw,minor repair,25,25,333,0,0,333
